[{
    "code": "AF",
    "name": "Afghanistan",
    "area_code": "+93"
  },
  {
    "code": "AL",
    "name": "Albania",
    "area_code": "+355"
  },
  {
    "code": "DZ",
    "name": "Algeria",
    "area_code": "+213"
  },
  {
    "code": "AS",
    "name": "American Samoa",
    "area_code": "+1"
  },
  {
    "code": "AD",
    "name": "Andorra",
    "area_code": "+376"
  },
  {
    "code": "AO",
    "name": "Angola",
    "area_code": "+244"
  },
  {
    "code": "AI",
    "name": "Anguilla",
    "area_code": "+1"
  },
  {
    "code": "AG",
    "name": "Antigua",
    "area_code": "+1"
  },
  {
    "code": "AR",
    "name": "Argentina",
    "area_code": "+54"
  },
  {
    "code": "AM",
    "name": "Armenia",
    "area_code": "+374"
  },
  {
    "code": "AW",
    "name": "Aruba",
    "area_code": "+297"
  },
  {
    "code": "AU",
    "name": "Australia",
    "area_code": "+61"
  },
  {
    "code": "AT",
    "name": "Austria",
    "area_code": "+43"
  },
  {
    "code": "AZ",
    "name": "Azerbaijan",
    "area_code": "+994"
  },
  {
    "code": "BH",
    "name": "Bahrain",
    "area_code": "+973"
  },
  {
    "code": "BD",
    "name": "Bangladesh",
    "area_code": "+880"
  },
  {
    "code": "BB",
    "name": "Barbados",
    "area_code": "+1"
  },
  {
    "code": "BY",
    "name": "Belarus",
    "area_code": "+375"
  },
  {
    "code": "BE",
    "name": "Belgium",
    "area_code": "+32"
  },
  {
    "code": "BZ",
    "name": "Belize",
    "area_code": "+501"
  },
  {
    "code": "BJ",
    "name": "Benin",
    "area_code": "+229"
  },
  {
    "code": "BM",
    "name": "Bermuda",
    "area_code": "+1"
  },
  {
    "code": "BT",
    "name": "Bhutan",
    "area_code": "+975"
  },
  {
    "code": "BO",
    "name": "Bolivia",
    "area_code": "+591"
  },
  {
    "code": "BA",
    "name": "Bosnia and Herzegovina",
    "area_code": "+387"
  },
  {
    "code": "BW",
    "name": "Botswana",
    "area_code": "+267"
  },
  {
    "code": "BR",
    "name": "Brazil",
    "area_code": "+55"
  },
  {
    "code": "IO",
    "name": "British Indian Ocean Territory",
    "area_code": "+246"
  },
  {
    "code": "VG",
    "name": "British Virgin Islands",
    "area_code": "+1"
  },
  {
    "code": "BN",
    "name": "Brunei",
    "area_code": "+673"
  },
  {
    "code": "BG",
    "name": "Bulgaria",
    "area_code": "+359"
  },
  {
    "code": "BF",
    "name": "Burkina Faso",
    "area_code": "+226"
  },
  {
    "code": "MM",
    "name": "Burma Myanmar",
    "area_code": "+95"
  },
  {
    "code": "BI",
    "name": "Burundi",
    "area_code": "+257"
  },
  {
    "code": "KH",
    "name": "Cambodia",
    "area_code": "+855"
  },
  {
    "code": "CM",
    "name": "Cameroon",
    "area_code": "+237"
  },
  {
    "code": "CA",
    "name": "Canada",
    "area_code": "+1"
  },
  {
    "code": "CV",
    "name": "Cape Verde",
    "area_code": "+238"
  },
  {
    "code": "KY",
    "name": "Cayman Islands",
    "area_code": "+1"
  },
  {
    "code": "CF",
    "name": "Central African Republic",
    "area_code": "+236"
  },
  {
    "code": "TD",
    "name": "Chad",
    "area_code": "+235"
  },
  {
    "code": "CL",
    "name": "Chile",
    "area_code": "+56"
  },
  {
    "code": "CN",
    "name": "China",
    "area_code": "+86"
  },
  {
    "code": "CO",
    "name": "Colombia",
    "area_code": "+57"
  },
  {
    "code": "KM",
    "name": "Comoros",
    "area_code": "+269"
  },
  {
    "code": "CK",
    "name": "Cook Islands",
    "area_code": "+682"
  },
  {
    "code": "CR",
    "name": "Costa Rica",
    "area_code": "+506"
  },
  {
    "code": "CI",
    "name": "Côte d'Ivoire",
    "area_code": "+225"
  },
  {
    "code": "HR",
    "name": "Croatia",
    "area_code": "+385"
  },
  {
    "code": "CU",
    "name": "Cuba",
    "area_code": "+53"
  },
  {
    "code": "CY",
    "name": "Cyprus",
    "area_code": "+357"
  },
  {
    "code": "CZ",
    "name": "Czech Republic",
    "area_code": "+420"
  },
  {
    "code": "CD",
    "name": "Democratic Republic of Congo",
    "area_code": "+243"
  },
  {
    "code": "DK",
    "name": "Denmark",
    "area_code": "+45"
  },
  {
    "code": "DJ",
    "name": "Djibouti",
    "area_code": "+253"
  },
  {
    "code": "DM",
    "name": "Dominica",
    "area_code": "+1"
  },
  {
    "code": "DO",
    "name": "Dominican Republic",
    "area_code": "+1"
  },
  {
    "code": "EC",
    "name": "Ecuador",
    "area_code": "+593"
  },
  {
    "code": "EG",
    "name": "Egypt",
    "area_code": "+20"
  },
  {
    "code": "SV",
    "name": "El Salvador",
    "area_code": "+503"
  },
  {
    "code": "GQ",
    "name": "Equatorial Guinea",
    "area_code": "+240"
  },
  {
    "code": "ER",
    "name": "Eritrea",
    "area_code": "+291"
  },
  {
    "code": "EE",
    "name": "Estonia",
    "area_code": "+372"
  },
  {
    "code": "ET",
    "name": "Ethiopia",
    "area_code": "+251"
  },
  {
    "code": "FK",
    "name": "Falkland Islands",
    "area_code": "+500"
  },
  {
    "code": "FO",
    "name": "Faroe Islands",
    "area_code": "+298"
  },
  {
    "code": "FM",
    "name": "Federated States of Micronesia",
    "area_code": "+691"
  },
  {
    "code": "FJ",
    "name": "Fiji",
    "area_code": "+679"
  },
  {
    "code": "FI",
    "name": "Finland",
    "area_code": "+358"
  },
  {
    "code": "FR",
    "name": "France",
    "area_code": "+33"
  },
  {
    "code": "GF",
    "name": "French Guiana",
    "area_code": "+594"
  },
  {
    "code": "PF",
    "name": "French Polynesia",
    "area_code": "+689"
  },
  {
    "code": "GA",
    "name": "Gabon",
    "area_code": "+241"
  },
  {
    "code": "GE",
    "name": "Georgia",
    "area_code": "+995"
  },
  {
    "code": "DE",
    "name": "Germany",
    "area_code": "+49"
  },
  {
    "code": "GH",
    "name": "Ghana",
    "area_code": "+233"
  },
  {
    "code": "GI",
    "name": "Gibraltar",
    "area_code": "+350"
  },
  {
    "code": "GR",
    "name": "Greece",
    "area_code": "+30"
  },
  {
    "code": "GL",
    "name": "Greenland",
    "area_code": "+299"
  },
  {
    "code": "GD",
    "name": "Grenada",
    "area_code": "+1"
  },
  {
    "code": "GP",
    "name": "Guadeloupe",
    "area_code": "+590"
  },
  {
    "code": "GU",
    "name": "Guam",
    "area_code": "+1"
  },
  {
    "code": "GT",
    "name": "Guatemala",
    "area_code": "+502"
  },
  {
    "code": "GN",
    "name": "Guinea",
    "area_code": "+224"
  },
  {
    "code": "GW",
    "name": "Guinea-Bissau",
    "area_code": "+245"
  },
  {
    "code": "GY",
    "name": "Guyana",
    "area_code": "+592"
  },
  {
    "code": "HT",
    "name": "Haiti",
    "area_code": "+509"
  },
  {
    "code": "HN",
    "name": "Honduras",
    "area_code": "+504"
  },
  {
    "code": "HK",
    "name": "Hong Kong",
    "area_code": "+852"
  },
  {
    "code": "HU",
    "name": "Hungary",
    "area_code": "+36"
  },
  {
    "code": "IS",
    "name": "Iceland",
    "area_code": "+354"
  },
  {
    "code": "IN",
    "name": "India",
    "area_code": "+91"
  },
  {
    "code": "ID",
    "name": "Indonesia",
    "area_code": "+62"
  },
  {
    "code": "IR",
    "name": "Iran",
    "area_code": "+98"
  },
  {
    "code": "IQ",
    "name": "Iraq",
    "area_code": "+964"
  },
  {
    "code": "IE",
    "name": "Ireland",
    "area_code": "+353"
  },
  {
    "code": "IL",
    "name": "Israel",
    "area_code": "+972"
  },
  {
    "code": "IT",
    "name": "Italy",
    "area_code": "+39"
  },
  {
    "code": "JM",
    "name": "Jamaica",
    "area_code": "+1"
  },
  {
    "code": "JP",
    "name": "Japan",
    "area_code": "+81"
  },
  {
    "code": "JO",
    "name": "Jordan",
    "area_code": "+962"
  },
  {
    "code": "KZ",
    "name": "Kazakhstan",
    "area_code": "+7"
  },
  {
    "code": "KE",
    "name": "Kenya",
    "area_code": "+254"
  },
  {
    "code": "KI",
    "name": "Kiribati",
    "area_code": "+686"
  },
  {
    "code": "XK",
    "name": "Kosovo",
    "area_code": "+381"
  },
  {
    "code": "KW",
    "name": "Kuwait",
    "area_code": "+965"
  },
  {
    "code": "KG",
    "name": "Kyrgyzstan",
    "area_code": "+996"
  },
  {
    "code": "LA",
    "name": "Laos",
    "area_code": "+856"
  },
  {
    "code": "LV",
    "name": "Latvia",
    "area_code": "+371"
  },
  {
    "code": "LB",
    "name": "Lebanon",
    "area_code": "+961"
  },
  {
    "code": "LS",
    "name": "Lesotho",
    "area_code": "+266"
  },
  {
    "code": "LR",
    "name": "Liberia",
    "area_code": "+231"
  },
  {
    "code": "LY",
    "name": "Libya",
    "area_code": "+218"
  },
  {
    "code": "LI",
    "name": "Liechtenstein",
    "area_code": "+423"
  },
  {
    "code": "LT",
    "name": "Lithuania",
    "area_code": "+370"
  },
  {
    "code": "LU",
    "name": "Luxembourg",
    "area_code": "+352"
  },
  {
    "code": "MO",
    "name": "Macau",
    "area_code": "+853"
  },
  {
    "code": "MK",
    "name": "Macedonia",
    "area_code": "+389"
  },
  {
    "code": "MG",
    "name": "Madagascar",
    "area_code": "+261"
  },
  {
    "code": "MW",
    "name": "Malawi",
    "area_code": "+265"
  },
  {
    "code": "MY",
    "name": "Malaysia",
    "area_code": "+60"
  },
  {
    "code": "MV",
    "name": "Maldives",
    "area_code": "+960"
  },
  {
    "code": "ML",
    "name": "Mali",
    "area_code": "+223"
  },
  {
    "code": "MT",
    "name": "Malta",
    "area_code": "+356"
  },
  {
    "code": "MH",
    "name": "Marshall Islands",
    "area_code": "+692"
  },
  {
    "code": "MQ",
    "name": "Martinique",
    "area_code": "+596"
  },
  {
    "code": "MR",
    "name": "Mauritania",
    "area_code": "+222"
  },
  {
    "code": "MU",
    "name": "Mauritius",
    "area_code": "+230"
  },
  {
    "code": "YT",
    "name": "Mayotte",
    "area_code": "+262"
  },
  {
    "code": "MX",
    "name": "Mexico",
    "area_code": "+52"
  },
  {
    "code": "MD",
    "name": "Moldova",
    "area_code": "+373"
  },
  {
    "code": "MC",
    "name": "Monaco",
    "area_code": "+377"
  },
  {
    "code": "MN",
    "name": "Mongolia",
    "area_code": "+976"
  },
  {
    "code": "ME",
    "name": "Montenegro",
    "area_code": "+382"
  },
  {
    "code": "MS",
    "name": "Montserrat",
    "area_code": "+1"
  },
  {
    "code": "MA",
    "name": "Morocco",
    "area_code": "+212"
  },
  {
    "code": "MZ",
    "name": "Mozambique",
    "area_code": "+258"
  },
  {
    "code": "NA",
    "name": "Namibia",
    "area_code": "+264"
  },
  {
    "code": "NR",
    "name": "Nauru",
    "area_code": "+674"
  },
  {
    "code": "NP",
    "name": "Nepal",
    "area_code": "+977"
  },
  {
    "code": "NL",
    "name": "Netherlands",
    "area_code": "+31"
  },
  {
    "code": "AN",
    "name": "Netherlands Antilles",
    "area_code": "+599"
  },
  {
    "code": "NC",
    "name": "New Caledonia",
    "area_code": "+687"
  },
  {
    "code": "NZ",
    "name": "New Zealand",
    "area_code": "+64"
  },
  {
    "code": "NI",
    "name": "Nicaragua",
    "area_code": "+505"
  },
  {
    "code": "NE",
    "name": "Niger",
    "area_code": "+227"
  },
  {
    "code": "NG",
    "name": "Nigeria",
    "area_code": "+234"
  },
  {
    "code": "NU",
    "name": "Niue",
    "area_code": "+683"
  },
  {
    "code": "NF",
    "name": "Norfolk Island",
    "area_code": "+672"
  },
  {
    "code": "KP",
    "name": "North Korea",
    "area_code": "+850"
  },
  {
    "code": "MP",
    "name": "Northern Mariana Islands",
    "area_code": "+1"
  },
  {
    "code": "NO",
    "name": "Norway",
    "area_code": "+47"
  },
  {
    "code": "OM",
    "name": "Oman",
    "area_code": "+968"
  },
  {
    "code": "PK",
    "name": "Pakistan",
    "area_code": "+92"
  },
  {
    "code": "PW",
    "name": "Palau",
    "area_code": "+680"
  },
  {
    "code": "PS",
    "name": "Palestine",
    "area_code": "+970"
  },
  {
    "code": "PA",
    "name": "Panama",
    "area_code": "+507"
  },
  {
    "code": "PG",
    "name": "Papua New Guinea",
    "area_code": "+675"
  },
  {
    "code": "PY",
    "name": "Paraguay",
    "area_code": "+595"
  },
  {
    "code": "PE",
    "name": "Peru",
    "area_code": "+51"
  },
  {
    "code": "PH",
    "name": "Philippines",
    "area_code": "+63"
  },
  {
    "code": "PL",
    "name": "Poland",
    "area_code": "+48"
  },
  {
    "code": "PT",
    "name": "Portugal",
    "area_code": "+351"
  },
  {
    "code": "PR",
    "name": "Puerto Rico",
    "area_code": "+1"
  },
  {
    "code": "QA",
    "name": "Qatar",
    "area_code": "+974"
  },
  {
    "code": "CG",
    "name": "Republic of the Congo",
    "area_code": "+242"
  },
  {
    "code": "RE",
    "name": "Réunion",
    "area_code": "+262"
  },
  {
    "code": "RO",
    "name": "Romania",
    "area_code": "+40"
  },
  {
    "code": "RU",
    "name": "Russia",
    "area_code": "+7"
  },
  {
    "code": "RW",
    "name": "Rwanda",
    "area_code": "+250"
  },
  {
    "code": "BL",
    "name": "Saint Barthélemy",
    "area_code": "+590"
  },
  {
    "code": "SH",
    "name": "Saint Helena",
    "area_code": "+290"
  },
  {
    "code": "KN",
    "name": "Saint Kitts and Nevis",
    "area_code": "+1"
  },
  {
    "code": "MF",
    "name": "Saint Martin",
    "area_code": "+590"
  },
  {
    "code": "PM",
    "name": "Saint Pierre and Miquelon",
    "area_code": "+508"
  },
  {
    "code": "VC",
    "name": "Saint Vincent and the Grenadines",
    "area_code": "+1"
  },
  {
    "code": "WS",
    "name": "Samoa",
    "area_code": "+685"
  },
  {
    "code": "SM",
    "name": "San Marino",
    "area_code": "+378"
  },
  {
    "code": "ST",
    "name": "São Tomé and Príncipe",
    "area_code": "+239"
  },
  {
    "code": "SA",
    "name": "Saudi Arabia",
    "area_code": "+966"
  },
  {
    "code": "SN",
    "name": "Senegal",
    "area_code": "+221"
  },
  {
    "code": "RS",
    "name": "Serbia",
    "area_code": "+381"
  },
  {
    "code": "SC",
    "name": "Seychelles",
    "area_code": "+248"
  },
  {
    "code": "SL",
    "name": "Sierra Leone",
    "area_code": "+232"
  },
  {
    "code": "SG",
    "name": "Singapore",
    "area_code": "+65"
  },
  {
    "code": "SK",
    "name": "Slovakia",
    "area_code": "+421"
  },
  {
    "code": "SI",
    "name": "Slovenia",
    "area_code": "+386"
  },
  {
    "code": "SB",
    "name": "Solomon Islands",
    "area_code": "+677"
  },
  {
    "code": "SO",
    "name": "Somalia",
    "area_code": "+252"
  },
  {
    "code": "ZA",
    "name": "South Africa",
    "area_code": "+27"
  },
  {
    "code": "KR",
    "name": "South Korea",
    "area_code": "+82"
  },
  {
    "code": "ES",
    "name": "Spain",
    "area_code": "+34"
  },
  {
    "code": "LK",
    "name": "Sri Lanka",
    "area_code": "+94"
  },
  {
    "code": "LC",
    "name": "St. Lucia",
    "area_code": "+1"
  },
  {
    "code": "SD",
    "name": "Sudan",
    "area_code": "+249"
  },
  {
    "code": "SR",
    "name": "Suriname",
    "area_code": "+597"
  },
  {
    "code": "SZ",
    "name": "Swaziland",
    "area_code": "+268"
  },
  {
    "code": "SE",
    "name": "Sweden",
    "area_code": "+46"
  },
  {
    "code": "CH",
    "name": "Switzerland",
    "area_code": "+41"
  },
  {
    "code": "SY",
    "name": "Syria",
    "area_code": "+963"
  },
  {
    "code": "TW",
    "name": "Taiwan",
    "area_code": "+886"
  },
  {
    "code": "TJ",
    "name": "Tajikistan",
    "area_code": "+992"
  },
  {
    "code": "TZ",
    "name": "Tanzania",
    "area_code": "+255"
  },
  {
    "code": "TH",
    "name": "Thailand",
    "area_code": "+66"
  },
  {
    "code": "BS",
    "name": "The Bahamas",
    "area_code": "+1"
  },
  {
    "code": "GM",
    "name": "The Gambia",
    "area_code": "+220"
  },
  {
    "code": "TL",
    "name": "Timor-Leste",
    "area_code": "+670"
  },
  {
    "code": "TG",
    "name": "Togo",
    "area_code": "+228"
  },
  {
    "code": "TK",
    "name": "Tokelau",
    "area_code": "+690"
  },
  {
    "code": "TO",
    "name": "Tonga",
    "area_code": "+676"
  },
  {
    "code": "TT",
    "name": "Trinidad and Tobago",
    "area_code": "+1"
  },
  {
    "code": "TN",
    "name": "Tunisia",
    "area_code": "+216"
  },
  {
    "code": "TR",
    "name": "Turkey",
    "area_code": "+90"
  },
  {
    "code": "TM",
    "name": "Turkmenistan",
    "area_code": "+993"
  },
  {
    "code": "TC",
    "name": "Turks and Caicos Islands",
    "area_code": "+1"
  },
  {
    "code": "TV",
    "name": "Tuvalu",
    "area_code": "+688"
  },
  {
    "code": "UG",
    "name": "Uganda",
    "area_code": "+256"
  },
  {
    "code": "UA",
    "name": "Ukraine",
    "area_code": "+380"
  },
  {
    "code": "AE",
    "name": "United Arab Emirates",
    "area_code": "+971"
  },
  {
    "code": "GB",
    "name": "United Kingdom",
    "area_code": "+44"
  },
  {
    "code": "US",
    "name": "United States",
    "area_code": "+1"
  },
  {
    "code": "UY",
    "name": "Uruguay",
    "area_code": "+598"
  },
  {
    "code": "VI",
    "name": "US Virgin Islands",
    "area_code": "+1"
  },
  {
    "code": "UZ",
    "name": "Uzbekistan",
    "area_code": "+998"
  },
  {
    "code": "VU",
    "name": "Vanuatu",
    "area_code": "+678"
  },
  {
    "code": "VA",
    "name": "Vatican City",
    "area_code": "+39"
  },
  {
    "code": "VE",
    "name": "Venezuela",
    "area_code": "+58"
  },
  {
    "code": "VN",
    "name": "Vietnam",
    "area_code": "+84"
  },
  {
    "code": "WF",
    "name": "Wallis and Futuna",
    "area_code": "+681"
  },
  {
    "code": "YE",
    "name": "Yemen",
    "area_code": "+967"
  },
  {
    "code": "ZM",
    "name": "Zambia",
    "area_code": "+260"
  },
  {
    "code": "ZW",
    "name": "Zimbabwe",
    "area_code": "+263"
  }
]
